tipo_factura,id_criterio,criterio,codigo_producto,precio,codigo_corte,corte,categoria
Desposte,124,SERVICIO MOLIDA - EMPAQUE,000003,1083.00,884,CARNE MOLIDA PREMIUM,Producto
Desposte,124,SERVICIO MOLIDA - EMPAQUE,000003,1083.00,375,MOLIDA ECONÓMICA,Producto
Desposte,124,SERVICIO MOLIDA - EMPAQUE,000003,1083.00,884,MOLIDA PREMIUM,Producto
Venta Carne,177,ADOQUINES DE CADERA,000083,0.00,242,ADOQUINES DE CADERA,Producto
Venta Carne,104,ALETA,000001,23597.00,5,ALETA,Producto
Venta Carne,104,ALETA,000001,23597.00,5,ALETA,Producto
Venta Carne,104,ALETA,000001,23597.00,5,ALETA,Producto
Venta Carne,116,ASADO DE TIRA,000002,0.00,10,ASADO DE TIRA,Producto
Venta Carne,116,ASADO DE TIRA,000002,0.00,10,ASADO DE TIRA,Producto
Venta Carne,116,ASADO DE TIRA,000002,0.00,10,ASADO DE TIRA,Producto
Venta Carne,116,ASADO DE TIRA,000002,0.00,991,ASAR ESPECIAL INSTITUCIONAL,Producto
Venta Carne,346,BANDIOLA DE CERDO,000002,0.00,1394,BONDIOLA DE CERDO,Producto
Venta Carne,114,BIFE DE PALETA,000046,0.00,405,BIFE DE CHORIZO,Producto
Venta Carne,114,BIFE DE PALETA,000046,0.00,405,BIFE DE CHORIZO,Producto
Venta Carne,114,BIFE DE PALETA,000046,0.00,435,BIFE DE PALETA,Producto
Venta Carne,114,BIFE DE PALETA,000046,0.00,385,BIFE DE PALETA,Producto
Venta Carne,50,BOLA,000004,0.00,854,(17479) CARNE RES BOLA PIERNA/CARABELA 500G,Producto
Venta Carne,50,BOLA,000004,0.00,964,INDUSTRIAL BOCA DE PECHO,Producto
Venta Carne,42,BOLA DE BRAZO,000003,22305.00,15,BOLA DE BRAZO,Producto
Venta Carne,42,BOLA DE BRAZO,000003,22305.00,15,BOLA DE BRAZO,Producto
Venta Carne,42,BOLA DE BRAZO,000003,22305.00,15,BOLA DE BRAZO,Producto
Venta Carne,105,BOLA DE PIERNA,000004,23571.00,20,BOLA DE PIERNA,Producto
Venta Carne,105,BOLA DE PIERNA,000004,23571.00,20,BOLA DE PIERNA,Producto
Venta Carne,105,BOLA DE PIERNA,000004,23571.00,20,BOLA DE PIERNA,Producto
Venta Carne,349,BRAZO DESHUESADO CERDO,000003,17000.00,1386,BRAZO DE CERDO,Producto
Venta Carne,180,BRAZO ENTERO,000089,19300.00,25,BRAZO ENTERO,Producto
Venta Carne,28,CADERA,000005,26164.00,857,(17481) CARNE DE RES CADERA/TETAF/ SOLOM 500g,Producto
Venta Carne,28,CADERA,000005,26164.00,30,CADERA,Producto
Venta Carne,28,CADERA,000005,26164.00,30,CADERA,Producto
Venta Carne,28,CADERA,000005,26164.00,30,CADERA,Producto
Venta Carne,28,CADERA,000005,26164.00,85,COLITA DE CADERA,Producto
Venta Carne,360,CANAL DE CERDO,000001,0.00,919,CANAL DE CERDO,Producto
Venta Carne,60,CAPON,000009,32500.00,869,(16905) MUCHACHO X 500 G,Producto
Venta Carne,60,CAPON,000009,32500.00,856,(17480) CARNE DE RES BOTA/MUCHAC/ATRAVE/BOLLO,Producto
Venta Carne,60,CAPON,000009,32500.00,35,CAPON,Producto
Venta Carne,60,CAPON,000009,32500.00,35,CAPON,Producto
Venta Carne,60,CAPON,000009,32500.00,35,CAPON,Producto
Venta Carne,117,CAPON HERRADERO,000008,24669.00,415,HERRADERO/CAPÓN,Producto
Venta Carne,364,CARETA DE CERDO,000018,7900.00,1412,CARETA DE CERDO,Producto
Venta Carne,173,CARNE HAMBURGUESA,000061,0.00,224,CARNE DE RES PARA HAMBURGUESA,Producto
Venta Carne,173,CARNE HAMBURGUESA,000061,0.00,990,HAMBURGUESA CUISINE 2 UNIDADES,Producto
Venta Carne,173,CARNE HAMBURGUESA,000061,0.00,855,HAMBURGUESA CUISINE 5 UNIDADES,Producto
Venta Carne,155,CARNE INDUSTRIAL DESPOSTE,000052,0.00,595,CARNE PARA DESMECHAR.,Producto
Venta Carne,155,CARNE INDUSTRIAL DESPOSTE,000052,0.00,1174,CHURRASCO EN MARIPOSA,Producto
Venta Carne,155,CARNE INDUSTRIAL DESPOSTE,000052,0.00,894,MOLIDA INSTITUCIONAL,Producto
Venta Carne,155,CARNE INDUSTRIAL DESPOSTE,000052,0.00,1241,T. CARNE MOLIDA,Producto
Venta Carne,155,CARNE INDUSTRIAL DESPOSTE,000052,0.00,1242,T. CARNE PARA DESMECHAR DE RES,Producto
Venta Carne,155,CARNE INDUSTRIAL DESPOSTE,000052,0.00,1313,T. MOLIDA ESPECIAL INSTITUCIONAL 90/10,Producto
Venta Carne,155,CARNE INDUSTRIAL DESPOSTE,000052,0.00,969,VACIO PORCIONADO,Producto
Venta Carne,369,CARNE MOLIDA DE CERDO,000027,0.00,1414,CARNE MOLIDA DE CERDO,Producto
Venta Carne,59,CARNE PARA ASAR,000010,22800.00,853,(17482) CARNE DE RES ASAR 500G,Producto
Venta Carne,59,CARNE PARA ASAR,000010,22800.00,270,CARNE DE PRIMERA,Producto
Venta Carne,59,CARNE PARA ASAR,000010,22800.00,275,CARNE DE SEGUNDA,Producto
Venta Carne,59,CARNE PARA ASAR,000010,22800.00,275,CARNE DE SEGUNDA,Producto
Venta Carne,59,CARNE PARA ASAR,000010,22800.00,166,CARNE PARA ASAR,Producto
Venta Carne,59,CARNE PARA ASAR,000010,22800.00,280,CARNE PARA ASAR,Producto
Venta Carne,59,CARNE PARA ASAR,000010,22800.00,280,CARNE PARA ASAR,Producto
Venta Carne,59,CARNE PARA ASAR,000010,22800.00,280,CARNE PARA ASAR,Producto
Venta Carne,59,CARNE PARA ASAR,000010,22800.00,886,CARNE PARA ASAR EN CUBOS,Producto
Venta Carne,59,CARNE PARA ASAR,000010,22800.00,887,CARNE PARA ASAR FINA DE RES,Producto
Venta Carne,59,CARNE PARA ASAR,000010,22800.00,888,CARNE PARA ASAR RES,Producto
Venta Carne,59,CARNE PARA ASAR,000010,22800.00,55,CHOCOZUELA,Producto Cárnico Comestible
Venta Carne,59,CARNE PARA ASAR,000010,22800.00,55,CHOCOZUELA,Producto Cárnico Comestible
Venta Carne,59,CARNE PARA ASAR,000010,22800.00,55,CHOCOZUELA,Producto Cárnico Comestible
Venta Carne,59,CARNE PARA ASAR,000010,22800.00,1239,T. CARNE PARA ASAR DE RES,Producto
Venta Carne,58,CARNE PARA SUDAR,000011,24500.00,867,(17484) CARNE DE RES SUDAR 500G,Producto
Venta Carne,58,CARNE PARA SUDAR,000011,24500.00,889,CARNE PARA SUDAR DE RES,Producto
Venta Carne,58,CARNE PARA SUDAR,000011,24500.00,380,GOULASH,Producto
Venta Carne,58,CARNE PARA SUDAR,000011,24500.00,380,GOULASH,Producto
Venta Carne,58,CARNE PARA SUDAR,000011,24500.00,1240,T. CARNE PARA SUDAR DE RES,Producto
Venta Carne,156,CARNES ESPECIALES,000055,0.00,890,DENVER STEAK,Producto
Venta Carne,156,CARNES ESPECIALES,000055,0.00,967,GOULASH FINO DE RES,Producto
Venta Carne,156,CARNES ESPECIALES,000055,0.00,1267,MUCHACHO ABIERTO EN SABANA PARA OREADA,Producto
Venta Carne,156,CARNES ESPECIALES,000055,0.00,895,OJO DE BIFE / RIB EYE,Producto
Venta Carne,31,CENTRO PIERNA,000012,26284.00,45,CENTRO DE PIERNA,Producto
Venta Carne,31,CENTRO PIERNA,000012,26284.00,45,CENTRO DE PIERNA,Producto
Venta Carne,31,CENTRO PIERNA,000012,26284.00,45,CENTRO DE PIERNA,Producto
Venta Carne,39,CHATAS ENTERAS,000013,33515.00,311,BLOQUE DE CHATA,Producto
Venta Carne,39,CHATAS ENTERAS,000013,33515.00,50,CHATA,Producto
Venta Carne,39,CHATAS ENTERAS,000013,33515.00,50,CHATA,Producto
Venta Carne,39,CHATAS ENTERAS,000013,33515.00,50,CHATA,Producto
Venta Carne,39,CHATAS ENTERAS,000013,33515.00,307,CHATA DE RES,Producto
Venta Carne,39,CHATAS ENTERAS,000013,33515.00,282,CHATA PREMIUM,Producto
Venta Carne,57,CHATAS PORCIONADA,000001,0.00,314,CHATA EN MARIPOSA,Producto
Venta Carne,57,CHATAS PORCIONADA,000001,0.00,565,CHATA PORCIONADA           CUISINE & CO,Producto
Venta Carne,362,CHICHARRON DE CERDO,000026,11200.00,1411,CHICHARRON DE CERDO,Producto
Venta Carne,175,CHICHARRONES DE RES,000081,24661.00,810,CHICHARRON DE RES,Producto
Venta Carne,175,CHICHARRONES DE RES,000081,24661.00,810,CHICHARRONES DE RES,Producto
Venta Carne,361,CHULETA DE CERDO,000025,17700.00,1406,CHULETA DE CERDO,Producto
Venta Carne,76,CHULETON,000056,0.00,60,CHULETON,Producto
Venta Carne,76,CHULETON,000056,0.00,60,CHULETON,Producto
Venta Carne,41,COGOTE,000014,21123.00,65,COGOTE,Producto
Venta Carne,41,COGOTE,000014,21123.00,65,COGOTE,Producto
Venta Carne,41,COGOTE,000014,21123.00,65,COGOTE,Producto
Venta Carne,52,COLA,000053,21279.00,80,COLA,Producto
Venta Carne,52,COLA,000053,21279.00,80,COLA,Producto
Venta Carne,52,COLA,000053,21279.00,80,COLA,Producto
Venta Carne,52,COLA,000053,21279.00,934,COLA CNC,Producto
Venta Carne,176,CORAZON DE CUADRIL,000082,0.00,880,CORAZON DE CUADRIL,Producto
Venta Carne,176,CORAZON DE CUADRIL,000082,0.00,880,CORAZON DE CUADRIL,Producto
Venta Carne,178,CORDONES DE LOMO FINO,000084,0.00,285,CORDONES DE LOMO FINO,Producto
Venta Carne,178,CORDONES DE LOMO FINO,000084,0.00,285,CORDONES DE LOMO FINO,Producto
Venta Carne,106,CORREA,000015,0.00,90,CORREA,Producto
Venta Carne,106,CORREA,000015,0.00,90,CORREA,Producto
Venta Carne,106,CORREA,000015,0.00,90,CORREA,Producto
Venta Carne,46,COSTILLA CON HUESO,000016,0.00,868,(17051) COSTILLA CARNUDA DE RES,Producto
Venta Carne,46,COSTILLA CON HUESO,000016,0.00,904,CANAL DE CERDO - COSTILLA CON PIEL,Producto
Venta Carne,46,COSTILLA CON HUESO,000016,0.00,95,COSTILLA,Producto
Venta Carne,46,COSTILLA CON HUESO,000016,0.00,95,COSTILLA,Producto
Venta Carne,46,COSTILLA CON HUESO,000016,0.00,95,COSTILLA,Producto
Venta Carne,46,COSTILLA CON HUESO,000016,0.00,95,COSTILLA,Producto
Venta Carne,46,COSTILLA CON HUESO,000016,0.00,1266,COSTILLA DE RES,Producto
Venta Carne,46,COSTILLA CON HUESO,000016,0.00,430,COSTILLA EN ESCUDO,Producto
Venta Carne,46,COSTILLA CON HUESO,000016,0.00,330,COSTILLA EN ESCUDO,Producto
Venta Carne,46,COSTILLA CON HUESO,000016,0.00,100,COSTILLA EN TIRAS,Producto
Venta Carne,46,COSTILLA CON HUESO,000016,0.00,943,COSTILLA EN TIRAS,Producto
Venta Carne,365,COSTILLA DE CERDO CON PIEL,000021,17700.00,1407,COSTILLA DE CERDO CON PIEL,Producto
Venta Carne,107,COSTILLA DESPALADA,000017,18012.00,100,COSTILLA DESPALADA,Producto
Venta Carne,107,COSTILLA DESPALADA,000017,18012.00,100,COSTILLA DESPALADA,Producto
Venta Carne,174,COSTILLA DESPALADA CON FALDA,000078,19300.00,320,COSTILLA DESPALADA CON FALDA,Producto
Venta Carne,174,COSTILLA DESPALADA CON FALDA,000078,19300.00,320,COSTILLA DESPALADA CON FALDA,Producto
Venta Carne,345,COSTILLA ESPECIAL CERDO,000004,0.00,1382,COSTILLA ESPECIAL,Producto
Venta Carne,182,COSTILLA LLANERA,000092,18200.00,222,COSTILLA LLANERA,Producto
Venta Carne,351,COSTILLA SAN LOUIS CERDO,000005,17000.00,1383,COSTILLA SAN LOUIS,Producto
Venta Carne,373,D-ALETA,000001,29100.00,1112,D-ALETA,Producto
Venta Carne,184,D-ASADO DE TIRA,000002,1.00,1113,D-ASADO DE TIRA,Producto
Venta Carne,303,D-BIFE DE CHORIZO,000050,1.00,1324,D-BIFE DE CHORIZO,Producto
Venta Carne,185,D-BOLA DE BRAZO,000003,29800.00,1114,D-BOLA DE BRAZO,Producto
Venta Carne,186,D-BOLA DE PIERNA,000004,30500.00,1115,D-BOLA DE PIERNA,Producto
Venta Carne,187,D-CADERA,000005,32600.00,1116,D-CADERA,Producto
Venta Carne,220,D-CAPÓN,000038,33500.00,1172,D-CAPÓN,Producto
Venta Carne,183,D-CARNE PARA ASAR X 150 GR,000064,20000.00,1425,D-CARNE PARA ASAR X 150 GR,Producto
Venta Carne,188,D-CENTRO DE PIERNA,000006,32200.00,1117,D-CENTRO DE PIERNA,Producto
Venta Carne,189,D-CHATA,000007,48500.00,1118,D-CHATA,Producto
Venta Carne,190,D-CHATA PREMIUM,000008,1.00,1119,D-CHATA PREMIUM,Producto
Venta Carne,322,D-CHICHARRONCITOS DE RES,000055,19500.00,1362,D-CHICHARRONCITOS DE RES,Producto
Venta Carne,284,D-CHOCOZUELA,000047,4000.00,1288,D-CHOCOZUELA,Producto Cárnico Comestible
Venta Carne,191,D-COGOTE,000009,25600.00,1120,D-COGOTE,Producto
Venta Carne,319,D-CORREA,000054,26300.00,1346,D-CORREA,Producto
Venta Carne,277,D-COSTILLA,000042,20200.00,1271,D-COSTILLA,Producto
Venta Carne,218,D-COSTILLA DELANTERA,000036,17000.00,1148,D-COSTILLA DELANTERA,Producto
Venta Carne,195,D-COSTILLA DESPALADA,000013,27900.00,1124,D-COSTILLA DESPALADA,Producto
Venta Carne,288,D-COSTILLA DESPALADA CON FALDA,000049,18000.00,1301,D-COSTILLA DESPALADA CON FALDA,Producto
Venta Carne,193,D-COSTILLA EN ESCUDO,000011,18900.00,1122,D-COSTILLA EN ESCUDO,Producto
Venta Carne,196,D-COSTILLA LLANERA,000014,18900.00,1125,D-COSTILLA LLANERA,Producto
Venta Carne,219,D-COSTILLA TRASERA,000037,17000.00,1149,D-COSTILLA TRASERA,Producto
Venta Carne,194,D-COTILLA EN TIRAS,000012,18900.00,1123,D-COSTILLA EN TIRAS,Producto
Venta Carne,197,D-DESCARGUE,000015,30100.00,1126,D-DESCARGUE,Producto
Venta Carne,198,D-ENTRAÑA,000016,28000.00,1127,D-ENTRAÑA,Producto
Venta Carne,38,DESCARGUE CASCARA,000020,21894.00,105,DESCARGUE,Producto
Venta Carne,38,DESCARGUE CASCARA,000020,21894.00,105,DESCARGUE,Producto
Venta Carne,38,DESCARGUE CASCARA,000020,21894.00,105,DESCARGUE,Producto
Venta Carne,38,DESCARGUE CASCARA,000020,21894.00,110,DESCARGUE SIN MORRILLO,Producto
Venta Carne,38,DESCARGUE CASCARA,000020,21894.00,110,DESCARGUE SIN MORRILLO,Producto
Venta Carne,38,DESCARGUE CASCARA,000020,21894.00,110,DESCARGUE SIN MORRILLO,Producto
Venta Carne,172,DESMECHAR,000060,0.00,974,DESMECHAR,Producto
Venta Carne,327,D-FAJITAS DE COSTILLA,000060,23600.00,1367,D-FAJITAS DE COSTILLA,Producto
Venta Carne,199,D-FALDA DE COSTILLA,000017,25300.00,1128,D-FALDA DE COSTILLA,Producto
Venta Carne,287,D-GRASA DE PECHO,000048,4000.00,1287,D-GRASA DE PECHO,Producto Cárnico Comestible
Venta Carne,200,D-HERRADERO,000018,33700.00,1129,D-HERRADERO,Producto
Venta Carne,201,D-HUESO CARNUDO,000019,4300.00,1130,D-HUESO CARNUDO,Producto Cárnico Comestible
Venta Carne,256,D-LENGUA DE RES,000039,18500.00,1131,D-LENGUA DE RES,Producto
Venta Carne,202,D-LOMO ANCHO,000020,39000.00,1132,D-LOMO ANCHO,Producto
Venta Carne,203,D-LOMO DE BRAZO,000021,29800.00,1133,D-LOMO DE BRAZO,Producto
Venta Carne,204,D-LOMO FINO,000022,59600.00,1134,D-LOMO FINO,Producto
Venta Carne,205,D-MARTILLO,000023,26600.00,1135,D-MARTILLO,Producto
Venta Carne,278,D-MOLIDA INGREDIENTE,000043,27900.00,1273,D-MOLIDA INGREDIENTE,Producto
Venta Carne,318,D-MONEDA,000053,27100.00,1345,D-MONEDA,Producto
Venta Carne,206,D-MORRILLO,000024,26900.00,1136,D-MORRILLO,Producto
Venta Carne,207,D-MURILLO,000025,26400.00,1137,D-MURILLO,Producto
Venta Carne,192,D-NUDITOS DE COLA,000010,28500.00,1121,D-NUDITOS DE COLA,Producto
Venta Carne,304,D-OJO DE BIFE,000051,1.00,1325,D-OJO DE BIFE,Producto
Venta Carne,329,D-OSSOBUCO,000062,31500.00,1373,D-OSSOBUCO,Producto
Venta Carne,208,D-PALETERO,000026,29800.00,1138,D-PALETERO,Producto
Venta Carne,325,D-PALETERO CON HUESO,000058,29900.00,1365,D-PALETERO CON HUESO,Producto
Venta Carne,209,D-PECHO,000027,29900.00,1139,D-PECHO,Producto
Venta Carne,326,D-PECHO CON HUESO,000059,28200.00,1366,D-PECHO CON HUESO,Producto
Venta Carne,328,D-PRIME RIB,000061,41800.00,1368,D-PRIME RIB,Producto
Venta Carne,210,D-PUNTA DE ANCA,000028,57000.00,1140,D-PUNTA DE ANCA,Producto
Venta Carne,211,D-PUNTA DE ANCA PREMIUM,000029,1.00,1141,D-PUNTA DE ANCA PREMIUM,Producto
Venta Carne,212,D-RASPA,000030,29900.00,1142,D-RASPA,Producto
Venta Carne,213,D-RECORTES,000031,21900.00,1143,D-RECORTES,Producto
Venta Carne,214,D-SOBREBARRIGA DELGADA,000032,34700.00,1144,D-SOBREBARRIGA DELGADA,Producto
Venta Carne,215,D-TAPA DE COGOTE,000033,30200.00,1145,D-TAPA DE COGOTE,Producto
Venta Carne,216,D-TAPA DEL LOMO,000034,27700.00,1146,D-TAPA DEL LOMO,Producto
Venta Carne,276,D-TAPA DE PECHO,000041,1.00,1272,D-TAPA DE PECHO,Producto
Venta Carne,324,D-TBONNE,000057,48200.00,1364,D-TBONNE,Producto
Venta Carne,282,D-TENDON,000045,4000.00,1286,D-TENDON,Producto Cárnico Comestible
Venta Carne,283,D-TIRA TIRA,000046,4000.00,1285,D-TIRA TIRA,Producto Cárnico Comestible
Venta Carne,217,D-TORTUGA,000035,27700.00,1147,D-TORTUGA,Producto
Venta Carne,323,D-TUETANO,000056,18800.00,1363,D-TUETANO,Producto Cárnico Comestible
Venta Carne,309,D-VACIO,000052,30200.00,1344,D-VACIO,Producto
Venta Carne,258,E - ASAR FREIR,000002,1.00,1002,ASAR FREIR,Producto
Venta Carne,259,E - CARNE PASA SUDAR,00003,1.00,167,CARNE PARA SUDAR,Producto
Venta Carne,108,ENTRAÑA,000021,18002.00,115,ENTRAÑA,Producto
Venta Carne,108,ENTRAÑA,000021,18002.00,115,ENTRAÑA,Producto
Venta Carne,108,ENTRAÑA,000021,18002.00,115,ENTRAÑA,Producto
Venta Carne,363,ESPINAZO DE CERDO,000022,2700.00,1389,ESPINAZO DE CERDO,Producto
Venta Carne,36,FALDA DE COSTILLA,000022,17860.00,120,FALDA,Producto
Venta Carne,36,FALDA DE COSTILLA,000022,17860.00,120,FALDA,Producto
Venta Carne,36,FALDA DE COSTILLA,000022,17860.00,120,FALDA,Producto
Venta Carne,36,FALDA DE COSTILLA,000022,17860.00,99,FALDA COSTILLA,Producto
Venta Carne,352,FRIJOLADA CERDO,000006,0.00,1384,FRIJOLADA,Producto
Venta Carne,30,HERRADERO (BOTA),000023,24669.00,125,HERRADERO,Producto
Venta Carne,30,HERRADERO (BOTA),000023,24669.00,125,HERRADERO,Producto
Venta Carne,30,HERRADERO (BOTA),000023,24669.00,125,HERRADERO,Producto
Venta Carne,115,HUESO CARNUDO,000024,4300.00,135,HUESO CARNUDO,Producto Cárnico Comestible
Venta Carne,115,HUESO CARNUDO,000024,4300.00,135,HUESO CARNUDO,Producto Cárnico Comestible
Venta Carne,115,HUESO CARNUDO,000024,4300.00,135,HUESO CARNUDO,Producto Cárnico Comestible
Venta Carne,115,HUESO CARNUDO,000024,4300.00,135,HUESO CARNUDO,Producto Cárnico Comestible
Venta Carne,115,HUESO CARNUDO,000024,4300.00,135,HUESO CARNUDO,Producto Cárnico Comestible
Venta Carne,115,HUESO CARNUDO,000024,4300.00,135,HUESO CARNUDO,Producto Cárnico Comestible
Venta Carne,115,HUESO CARNUDO,000024,4300.00,140,HUESO DE COGOTE,Producto Cárnico Comestible
Venta Carne,115,HUESO CARNUDO,000024,4300.00,140,HUESO DE COGOTE,Producto Cárnico Comestible
Venta Carne,115,HUESO CARNUDO,000024,4300.00,140,HUESO DE COGOTE,Producto Cárnico Comestible
Venta Carne,353,HUESO CARNUDO CERDO,000007,0.00,1396,HUESO CARNUDO DE CERDO,Producto
Venta Carne,354,LENGUA DE CERDO,000008,11200.00,1400,LENGUA DE CERDO,Producto
Venta Carne,54,LENGUAS,000027,18500.00,921,LENGUA DE RES,Producto Cárnico Comestible
Venta Carne,54,LENGUAS,000027,18500.00,921,LENGUA DE RES,Producto
Venta Carne,54,LENGUAS,000027,18500.00,00,LENGUA DE RES.,Producto Cárnico Comestible
Venta Carne,109,LOMO ANCHO,000028,33700.00,859,(17487) CARNE RES LOMO ANCHO/CHATA/CHURRA 500G,Producto
Venta Carne,109,LOMO ANCHO,000028,33700.00,155,LOMO ANCHO,Producto
Venta Carne,109,LOMO ANCHO,000028,33700.00,155,LOMO ANCHO,Producto
Venta Carne,109,LOMO ANCHO,000028,33700.00,155,LOMO ANCHO,Producto
Venta Carne,29,LOMO BRAZO,000029,23200.00,160,LOMO DE BRAZO,Producto
Venta Carne,29,LOMO BRAZO,000029,23200.00,160,LOMO DE BRAZO,Producto
Venta Carne,29,LOMO BRAZO,000029,23200.00,160,LOMO DE BRAZO,Producto
Venta Carne,355,LOMO DE CERDO,000009,0.00,1385,LOMO DE CERDO,Producto
Venta Carne,47,LOMO FINO,000047,38200.00,862,(18538) CARNE DE RES LOMO FINO X 500G,Producto
Venta Carne,47,LOMO FINO,000047,38200.00,837,BABY BEEF,Producto
Venta Carne,47,LOMO FINO,000047,38200.00,838,BIFE DE LOMO FINO,Producto
Venta Carne,47,LOMO FINO,000047,38200.00,306,LOMO DE RES,Producto
Venta Carne,47,LOMO FINO,000047,38200.00,165,LOMO FINO,Producto
Venta Carne,47,LOMO FINO,000047,38200.00,165,LOMO FINO,Producto
Venta Carne,47,LOMO FINO,000047,38200.00,165,LOMO FINO,Producto
Venta Carne,47,LOMO FINO,000047,38200.00,839,MEDALLONES DE LOMO,Producto
Venta Carne,111,MARTILLO,000030,22600.00,170,MARTILLO,Producto
Venta Carne,111,MARTILLO,000030,22600.00,170,MARTILLO,Producto
Venta Carne,111,MARTILLO,000030,22600.00,170,MARTILLO,Producto
Venta Carne,170,MILANESA,000058,0.00,976,MILANESA,Producto
Venta Carne,171,MOLIDA 85/15,000059,0.00,863,(17483) CARNE DE RES MOLIDA 85/15 500G,Producto
Venta Carne,171,MOLIDA 85/15,000059,0.00,364,MOLIDA ESPECIAL.,Producto
Venta Carne,171,MOLIDA 85/15,000059,0.00,975,MOLIDA INGREDIENTE 85/15,Producto
Venta Carne,68,MOLIDA CORRIENTE 80/20,000031,0.00,369,MOLIDA 80/20,Producto
Venta Carne,68,MOLIDA CORRIENTE 80/20,000031,0.00,370,MOLIDA 80/20,Producto
Venta Carne,153,MOLIDA ESPECIAL 90/10,000032,0.00,883,CARNE MOLIDA ESPECIAL INSTITUCIONAL 90/10,Producto
Venta Carne,153,MOLIDA ESPECIAL 90/10,000032,0.00,350,CARNE MOLIDA ESPECIAL INSTITUCIONAL 90/10,Producto
Venta Carne,153,MOLIDA ESPECIAL 90/10,000032,0.00,893,MOLIDA 90/10,Producto
Venta Carne,153,MOLIDA ESPECIAL 90/10,000032,0.00,365,MOLIDA ESPECIAL,Producto
Venta Carne,51,MOLIDA TRIMMING,000054,0.00,265,TRIMMING,Producto
Venta Carne,51,MOLIDA TRIMMING,000054,0.00,265,TRIMMING,Producto
Venta Carne,51,MOLIDA TRIMMING,000054,0.00,265,TRIMMING,Producto
Venta Carne,51,MOLIDA TRIMMING,000054,0.00,265,TRIMMING,Producto
Venta Carne,51,MOLIDA TRIMMING,000054,0.00,265,TRIMMING,Producto
Venta Carne,51,MOLIDA TRIMMING,000054,0.00,265,TRIMMING,Producto
Venta Carne,112,MONEDA,000033,0.00,175,MONEDA,Producto
Venta Carne,112,MONEDA,000033,0.00,175,MONEDA,Producto
Venta Carne,112,MONEDA,000033,0.00,175,MONEDA,Producto
Venta Carne,44,MORRILLO,000034,22100.00,180,MORRILLO,Producto
Venta Carne,44,MORRILLO,000034,22100.00,180,MORRILLO,Producto
Venta Carne,44,MORRILLO,000034,22100.00,180,MORRILLO,Producto
Venta Carne,35,MURILLO,000035,21800.00,185,MURILLO,Producto
Venta Carne,35,MURILLO,000035,21800.00,185,MURILLO,Producto
Venta Carne,35,MURILLO,000035,21800.00,185,MURILLO,Producto
Venta Carne,35,MURILLO,000035,21800.00,185,MURILLO,Producto
Venta Carne,35,MURILLO,000035,21800.00,185,MURILLO,Producto
Venta Carne,35,MURILLO,000035,21800.00,185,MURILLO,Producto
Venta Carne,35,MURILLO,000035,21800.00,63,MURILLO DELANTERO,Producto
Venta Carne,356,OSSOBUCO DE CERDO,000010,0.00,1395,OSSOBUCO DE CERDO,Producto
Venta Carne,43,PALETERO,000036,21900.00,195,PALETERO,Producto
Venta Carne,43,PALETERO,000036,21900.00,195,PALETERO,Producto
Venta Carne,43,PALETERO,000036,21900.00,195,PALETERO,Producto
Venta Carne,43,PALETERO,000036,21900.00,62,PALETERO INTERNO,Producto
Venta Carne,347,PANCETA DE CERDO,000011,24200.00,1391,PANCETA DE CERDO,Producto
Venta Carne,348,PAPADA DE CERDO,000012,0.00,1390,PAPADA DE CERDO,Producto
Venta Carne,236,P-ASADO DE TIRA,000016,1.00,1165,P-ASADO DE TIRA,Producto
Venta Carne,221,P-ASAR FINA DE RES,000001,1.00,1150,P-ASAR FINA DE RES,Producto
Venta Carne,222,P-ASAR TRADICIONAL,000002,1.00,1151,P-ASAR TRADICIONAL,Producto
Venta Carne,233,P-BABY BEEF,000013,1.00,1162,P-BABY BEEF,Producto
Venta Carne,273,P-BEEF DE LOMO FINO,000023,1.00,1255,P-BEEF DE LOMO FINO,Producto
Venta Carne,225,P-BIFE CHURRASCO,000005,1.00,1154,P-BIFE CHURRASCO,Producto
Venta Carne,228,P-BIFE DE PUNTA DE ANCA,000008,1.00,1157,P-BIFE DE PUNTA DE ANCA,Producto
Venta Carne,226,P-BIFE LOMO ANCHO,000006,1.00,1155,P-BIFE LOMO ANCHO,Producto
Venta Carne,234,P-BIFE PALETA,000014,1.00,1163,P-BIFE PALETA,Producto
Venta Carne,331,P-BLADE STEAK BONE,000035,29900.00,1370,P-BLADE STEAK BONE,Producto
Venta Carne,332,P-BRISKET STEAK BONE,000036,28200.00,1371,P-BRISKET STEAK BONE,Producto
Venta Carne,302,P-CARNE PARA HAMBURGUESA,000030,1.00,1011,CARNE PARA HAMBURGUESA,Producto Cárnico Comestible
Venta Carne,231,P-CARNE PARA OREAR,000011,1.00,1160,P-CARNE PARA OREAR,Producto
Venta Carne,321,P-CARNE X 220 GR,000033,35100.00,1361,P-CARNE X 220 GR,Producto
Venta Carne,239,P-CHULETON,000019,1.00,1168,P-CHULETON,Producto
Venta Carne,230,P-COLITA DE CUADRIL,000010,1.00,1159,P-COLITA DE CUADRIL,Producto
Venta Carne,229,P-CORAZON DE CUADRIL,000009,1.00,1158,P-CORAZON DE CUADRIL,Producto
Venta Carne,300,P-CORDONES DE LOMO FINO,000028,1.00,285,P-CORDONES DE LOMO FINO,Producto
Venta Carne,235,P-DENVER STEAK,000015,1.00,1164,P-DENVER STEAK,Producto
Venta Carne,224,P-DESMECHAR DE RES,000004,27500.00,1153,P-DESMECHAR DE RES,Producto
Venta Carne,33,PECHO,000037,23000.00,200,PECHO,Producto
Venta Carne,33,PECHO,000037,23000.00,200,PECHO,Producto
Venta Carne,33,PECHO,000037,23000.00,200,PECHO,Producto
Venta Carne,367,PEZUÑA DE CERDO,000023,8200.00,1381,PEZUÑA DE CERDO,Producto
Venta Carne,333,P-FAJITAS DE COSTILLA,000037,23600.00,1372,P-FAJITAS DE COSTILLA,Producto
Venta Carne,305,P-FAJITAS DE LOMO FINO,000031,1.00,1326,P-FAJITAS DE LOMO FINO,Producto
Venta Carne,232,P-FILET MIGNON,000012,1.00,1161,P-FILET MIGNON,Producto
Venta Carne,374,P-GIRASOLES,000041,21600.00,1429,P-GIRASOLES,Producto
Venta Carne,357,PIERNA DE CERDO DESHUESADA,000013,20900.00,1392,PIERNA DE CERDO,Producto
Venta Carne,301,P-LOMO FINO PREMIUM,000029,80600.00,281,P-LOMO FINO PREMIUM,Producto
Venta Carne,274,P-MEDALLONES DE LOMO FINO,000024,1.00,1256,P-MEDALLONES DE LOMO FINO,Producto
Venta Carne,371,P-MOLIDA 70/30 DE RES,000040,0.00,1424,P-MOLIDA 70/30 DE RES,Producto
Venta Carne,237,P-MOLIDA 80/20 DE RES,000017,21600.00,1166,P-MOLIDA 80/20 DE RES,Producto
Venta Carne,238,P-MOLIDA 90/10 DE RES,000018,1.00,1167,P-MOLIDA 90/10 DE RES,Producto
Venta Carne,299,P-MOLIDA ESPECIAL,000027,1.00,1315,P-MOLIDA ESPECIAL,Producto
Venta Carne,306,P-MOLIDA HB,000032,27800.00,1341,P-MOLIDA HB COLBEEF,Producto
Venta Carne,275,P-MOLIDA PREMIUM,000025,27300.00,173,32046  C-CARNE MOLIDA BAJA GRASA,Producto
Venta Carne,275,P-MOLIDA PREMIUM,000025,27300.00,1257,P-MOLIDA PREMIUM,Producto
Venta Carne,133,PORTER HOUSE,000049,0.00,210,PORTER HOUSE,Producto
Venta Carne,133,PORTER HOUSE,000049,0.00,210,PORTER HOUSE,Producto
Venta Carne,133,PORTER HOUSE,000049,0.00,210,PORTER HOUSE,Producto
Venta Carne,334,P-OSSOBUCO,000038,31500.00,1374,P-OSSOBUCO,Producto
Venta Carne,241,P-PORTER HOUSE,000021,1.00,1170,P-PORTER HOUSE,Producto
Venta Carne,330,P-PRIME RIB,000034,41800.00,1369,P-PRIME RIB,Producto
Venta Carne,227,P-RIB PARRILLERO,000007,1.00,1156,P-RIB PARRILLERO,Producto
Venta Carne,298,PRUEBAS,,1.00,27,BIFE CHURRASCO,Producto
Venta Carne,298,PRUEBAS,,1.00,27,BIFE CHURRASCO,Producto
Venta Carne,298,PRUEBAS,,1.00,25,BRAZO ENTERO,Producto
Venta Carne,298,PRUEBAS,,1.00,973,HAMBURGUESA,Producto
Venta Carne,298,PRUEBAS,,1.00,295,LOMO FINO SIN CORDÓN,Producto
Venta Carne,298,PRUEBAS,,1.00,295,LOMO FINO SIN CORDÓN,Producto
Venta Carne,298,PRUEBAS,,1.00,295,LOMO FINO SIN CORDÓN,Producto
Venta Carne,298,PRUEBAS,,1.00,263,PUNTA DE ANCA PORCIONADA,Producto
Venta Carne,223,P-SUDAR DE RES,000003,1.00,1152,P-SUDAR DE RES,Producto
Venta Carne,240,P-TBONNE,000020,48200.00,1169,P-TBONNE,Producto
Venta Carne,242,P-TOMAHAWK,000022,1.00,1171,P-TOMAHAWK,Producto
Venta Carne,40,PUNTA DE ANCA,000038,34700.00,864,(18484) CARNE DE RES PUNTA DE ANCA X 500G,Producto
Venta Carne,40,PUNTA DE ANCA,000038,34700.00,312,BLOQUE DE PUNTA DE ANCA,Producto
Venta Carne,40,PUNTA DE ANCA,000038,34700.00,834,FILETE DE PUNTA,Producto
Venta Carne,40,PUNTA DE ANCA,000038,34700.00,220,PUNTA DE ANCA,Producto
Venta Carne,40,PUNTA DE ANCA,000038,34700.00,220,PUNTA DE ANCA,Producto
Venta Carne,40,PUNTA DE ANCA,000038,34700.00,220,PUNTA DE ANCA,Producto
Venta Carne,40,PUNTA DE ANCA,000038,34700.00,263,PUNTA DE ANCA PORCIONADA,Producto
Venta Carne,40,PUNTA DE ANCA,000038,34700.00,836,PUNTA MARIPOSA,Producto
Venta Carne,181,PUNTA DE ANCA PREMIUM,000090,41400.00,284,PUNTA DE ANCA PREMIUM,Producto
Venta Carne,368,RABO DE CERDO,000024,6700.00,1408,RABO DE CERDO,Producto
Venta Carne,34,RASPA,000039,19300.00,225,RASPA,Producto
Venta Carne,34,RASPA,000039,19300.00,225,RASPA,Producto
Venta Carne,34,RASPA,000039,19300.00,225,RASPA,Producto
Venta Carne,285,R-CHOCOZUELA,000002,4000.00,1298,R-CHOCOZUELA,Producto Cárnico Comestible
Venta Carne,285,R-CHOCOZUELA,000002,4000.00,1293,R-CHOCOZUELA,Producto Cárnico Comestible
Venta Carne,358,RECORTES DE CERDO,000014,7300.00,1388,RECORTES DE CERDO,Producto
Venta Carne,154,RECORTES TRIMMING,000040,0.00,707,RECORTES 80/20,Producto
Venta Carne,279,R-GRASA DE PECHO,000033,4000.00,1290,R-GRASA DE PECHO,Producto Cárnico Comestible
Venta Carne,279,R-GRASA DE PECHO,000033,4000.00,1295,R-GRASA DE PECHO,Producto Cárnico Comestible
Venta Carne,286,R-HUESO CARNUDO,000001,3700.00,1292,R-HUESO CARNUDO,Producto Cárnico Comestible
Venta Carne,286,R-HUESO CARNUDO,000001,3700.00,1297,R-HUESO CARNUDO,Producto Cárnico Comestible
Venta Carne,372,R-RECORTES,000065,19581.00,1427,R-RECORTES,Producto
Venta Carne,280,R-TENDON,000034,4000.00,1294,R-TENDON,Producto Cárnico Comestible
Venta Carne,280,R-TENDON,000034,4000.00,1289,R-TENDON,Producto Cárnico Comestible
Venta Carne,281,R-TIRA TIRA,000035,4000.00,1291,R-TIRA TIRA,Producto Cárnico Comestible
Venta Carne,281,R-TIRA TIRA,000035,4000.00,1296,R-TIRA TIRA,Producto Cárnico Comestible
Venta Carne,32,SOBREBARRIGA DELGADA,000044,26900.00,866,(17478) CARNE DE RES SOBREBARRIGA 500G,Producto
Venta Carne,32,SOBREBARRIGA DELGADA,000044,26900.00,235,SOBREBARRIGA DELGADA,Producto
Venta Carne,32,SOBREBARRIGA DELGADA,000044,26900.00,235,SOBREBARRIGA DELGADA,Producto
Venta Carne,32,SOBREBARRIGA DELGADA,000044,26900.00,235,SOBREBARRIGA DELGADA,Producto
Venta Carne,350,SOLOMITO DE CERDO,000015,17900.00,1387,SOLOMITO DE CERDO,Producto
Venta Carne,66,TABLA,000012,0.00,858,(17486) CARNE DE RES CENTRO/CAPON/TABLA 500G,Producto
Venta Carne,45,TAPA DE COGOTE O ALETON,000045,22700.00,240,SOBREBARRIGA GRUESA,Producto
Venta Carne,45,TAPA DE COGOTE O ALETON,000045,22700.00,240,SOBREBARRIGA GRUESA,Producto
Venta Carne,45,TAPA DE COGOTE O ALETON,000045,22700.00,240,SOBREBARRIGA GRUESA,Producto
Venta Carne,45,TAPA DE COGOTE O ALETON,000045,22700.00,708,TAPA DE COGOTE,Producto
Venta Carne,49,TAPA DE LOMO,000041,20200.00,101,TAPA DE LOMO,Producto
Venta Carne,49,TAPA DE LOMO,000041,20200.00,896,TAPA LOMO ANCHO,Producto
Venta Carne,62,TBONNE,000050,0.00,230,T BONE,Producto
Venta Carne,62,TBONNE,000050,0.00,250,T-BONE,Producto
Venta Carne,62,TBONNE,000050,0.00,250,T-BONE,Producto
Venta Carne,62,TBONNE,000050,0.00,250,T BONE STEAK CUISINE & CO,Producto
Venta Carne,243,T-BRAZO ENTERO,000001,1.00,1100,T-BRAZO ENTERO,Producto
Venta Carne,250,T-CENTRO DE PIERNA ENTERO,000008,1.00,1108,T-CENTRO DE PIERNA ENTERO,Producto
Venta Carne,249,T-CHATA/LOMO ANCHO ENTERO,000007,1.00,1107,T-CHATA/LOMO ANCHO ENTERO,Producto
Venta Carne,244,T-COGOTE ENTERO / DESCARGUE,000002,1.00,1101,T-COGOTE ENTERO / DESCARGUE,Producto
Venta Carne,255,T-COLA DE RES,000013,1.00,1099,T-COLA DE RES,Producto
Venta Carne,245,T-COSTILLA DESPALADA ENTERA,000003,1.00,1102,T-COSTILLA DESPALADA ENTERA,Producto
Venta Carne,246,T-COSTILLA EN ESCUDO ENTERA,000004,1.00,1103,T-COSTILLA EN ESCUDO ENTERA,Producto
Venta Carne,251,T-HUESO CARNUDO,000009,1.00,1109,T-HUESO CARNUDO,Producto Cárnico Comestible
Venta Carne,252,T-HUESO COGOTE,000010,1.00,1110,T-HUESO COGOTE,Producto Cárnico Comestible
Venta Carne,157,TIRA TIRA,000002,4000.00,310,TIRA TIRA,Producto Cárnico Comestible
Venta Carne,157,TIRA TIRA,000002,4000.00,310,TIRA TIRA,Producto Cárnico Comestible
Venta Carne,157,TIRA TIRA,000002,4000.00,310,TIRA TIRA,Producto Cárnico Comestible
Venta Carne,254,T-LOMO FINO TRADICIONAL,000012,1.00,1106,T-LOMO FINO TRADICIONAL,Producto
Venta Carne,343,TOCINO CARNUDO CERDO,000017,0.00,1399,TOCINO CARNUDO,Producto
Venta Carne,359,TOCINO CERDO,000016,13800.00,1380,TOCINO DE CERDO,Producto
Venta Carne,77,TOMAHAWK,000051,0.00,440,TOMAHAWK,Producto
Venta Carne,77,TOMAHAWK,000051,0.00,360,TOMAHAWK,Producto
Venta Carne,48,TORTUGA,000042,21200.00,255,TORTUGA,Producto
Venta Carne,48,TORTUGA,000042,21200.00,255,TORTUGA,Producto
Venta Carne,48,TORTUGA,000042,21200.00,255,TORTUGA,Producto
Venta Carne,247,T-PECHO ENTERO,000005,1.00,1104,T-PECHO ENTERO,Producto
Venta Carne,248,T-PIERNA ENTERA,000006,1.00,1105,T-PIERNA ENTERA,Producto
Venta Carne,253,T-RECORTE TRADICIONAL,000011,1.00,1111,T-RECORTE TRADICIONAL,Producto
Venta Carne,113,VACIO,000043,0.00,260,VACIO,Producto
Venta Carne,113,VACIO,000043,0.00,260,VACIO,Producto
Venta Carne,113,VACIO,000043,0.00,260,VACIO,Producto
Venta Carne,335,V - AORTA CB,000011,9677.00,1321,V - AORTA CB,Producto Cárnico Comestible
Venta Carne,340,V - BAZO CB,000016,11334.00,1318,V - BAZO CB,Producto Cárnico Comestible
Venta Carne,290,V-CABEZAS CB,000002,1.00,1305,V - CABEZAS CB,Producto Cárnico Comestible
Venta Carne,292,V-CALLOS CB,000004,1.00,1307,V - CALLOS CB,Producto Cárnico Comestible
Venta Carne,294,V-CANUTAS CB,000006,1.00,1310,V - CANUTAS CB,Producto Cárnico Comestible
Venta Carne,295,V-CHUNCHULLA CB,000007,1.00,1311,V - CHUNCHULLA CB,Producto Cárnico Comestible
Venta Carne,337,V - CORAZON CB,000013,12992.00,1316,V - CORAZON CB,Producto Cárnico Comestible
Venta Carne,293,V-CUAJOS CB,000005,1.00,1308,V - CUAJOS CB,Producto Cárnico Comestible
Venta Carne,339,V - HIGADO CB,000015,14649.00,1320,V - HIGADO CB,Producto Cárnico Comestible
Venta Carne,342,V - LENGUAS CB,000018,23223.00,1375,V - LENGUAS CB,Producto Cárnico Comestible
Venta Carne,296,V-LIBRILLOS CB,000008,1.00,1312,V - LIBRILLOS CB,Producto Cárnico Comestible
Venta Carne,336,V - LOMITO DE ENTRAÑA CB,000012,16307.00,1376,V - LOMITO DE ENTRAÑA CB,Producto Cárnico Comestible
Venta Carne,291,V-PATAS CB,000003,1.00,1306,V - PATAS CB,Producto Cárnico Comestible
Venta Carne,338,V - PULMONES CB,000014,6362.00,1317,V - PULMONES CB,Producto Cárnico Comestible
Venta Carne,341,V - RIÑONES CB,000017,9677.00,1319,V - RIÑONES CB,Producto Cárnico Comestible
Venta Carne,289,V-VISCERA CB,000001,1.00,1303,V - VISCERA CB,Producto Cárnico Comestible
Venta Carne,297,V-VISCERA ROJA CB,000009,1.00,1304,V - VISCERA ROJA CB,Producto Cárnico Comestible